Name,Status,Last,Series,URL,URL_yd,Описание
"Вперёд, Кальмар!",Просмотрено,41,41,https://doramatv.live/vpered__kalmar_,,"Тун Нянь - 19-летняя студентка-отличница с высоким IQ, но низким эмоциональным интеллектом EQ, которая также известна в мире аниме-косплея и хорошо поёт. Она влюбляется с первого взгляда в Хань Шан Яня, который является гениальным игроком в мире киберспорта и никогда не обращает внимания на девушек. Он человек с высоким чувством ответственности и хочет только, чтобы команда Китая стала чемпионом мира."
Мой сосед – детектив,В планах,36,0,https://doramatv.live/moi_sosed___detektiv,,"1924 год, Шанхай. Гений дедукции Лу Яо объединяется с детективом Цяо Чушэнем и газетным репортером Бай Юнин для раскрытия загадочных уголовных дел."
Подружка,В планах,36,0,https://doramatv.live/podrujka,,"Вэнь Сяоюань всячески пытается заработать денег, чтобы поддержать маленькую театральную труппу в своём родном городе. По воле судьбы она была нанята для того, чтобы сыграть тайную любовь генерального директора ""Anning Culture"", Е Фэймо. Чем же закончится эта история?"
Быть с тобой,Просмотрено,24,24,https://doramatv.live/byt_s_toboi,,"Молодая художница-мультипликатор намеренно сближается с холодным и высокомерным профессором Цзи Яньсинем. Ци Нянь, девушка с прямолинейным характером, надеется, что общение с ним даст ей вдохновение для сюжета ее комикса. Младший брат Цзи Яньсиня, Цзи Сыци, случайно становится помощником Ци Нянь в этом нелегком деле."
Любовь со временем,Просмотрено,24,24,https://doramatv.live/liubov_so_vremenem,,"Они ненавидели друг друга ещё со школы. Но судьба распорядилась так, что эти двое женились по расчёту. Она – неизвестный писатель, чья семья находится в затруднительном положении. Он – гуру инвестиций. Они совершенно разные, но вынуждены жить вместе как женатая пара. Получится ли у них?"
Моя единорожка,Просмотрено,24,24,https://doramatv.live/moia_edinorojka,,"В 18 лет Сан Тянь изъявила желание поступить в школу своей матери, чтобы стать частью китайской команды фигурного катания. Однако она не прошла рейтинговый тест, а как-то замаскировалась под парня и была принята в хоккейную команду. Не имея выбора, она приняла новую личность. Однако ее план был сорван внезапным появлением Вэнь Бина.
Вэнь Бин и Сан Тянь становятся соседями по комнате. После одной встречи два бывших ""заклятых врага"" внезапно становятся хорошими друзьями. Оба они решили работать вместе со своими товарищами по команде и сделать все возможное в чемпионате. Однако тайна Сан Тянь в конечном итоге была раскрыта. Несмотря на это, она все еще получает шанс стать членом первой женской хоккейной команды. Сан Тянь, наконец, может стать реальной девушкой и продолжать преследовать свою мечту."
Сладкая первая любовь,Просмотрено,24,24,https://doramatv.live/sladkaia_pervaia_liubov,,"Чжуо Фэн потеряла родителей в автомобильной аварии в возрасте семи лет, что привело к потере памяти. Её взял к себе лучший друг родителей, Су Цзи Цзе. Там она встречает его сына Су Му Юня, который во всем хорош, но обладает ядовитым языком."
Твой сладкий голос,Просмотрено,24,24,https://doramatv.live/tvoi_sladkii_golos,,"Ся Сяонин - обычная девушка. Она не особенно красива и не очень образованна. По счастливой случайности Сяонин, начинающая актриса озвучивания, получает работу ассистентки Гу Чэньюя. У Гу Чэньюя есть секрет, который никто не знает. На самом деле он один из лучших в индустрии дубляжа. Поскольку Ся Сяонин и Гу Чэньюй не равны, их взаимодействие полно махинаций. Как раз в тот момент, когда Ся Сяонян пытается закрепиться на рабочем месте, она пересекается с Се Фэем, после случая, когда она помогла ему прогнать собаку. Вскоре после этого властный генеральный директор Се Фэй также начинает ухаживать за Ся Сяонин. Тем временем Ся Сяонин и Гу Чэньюй отложили свои разногласия. Кого она выберет из двух влюбленных в неё мужчин?"
Влюбиться в твою улыбку,Смотрю,23,31,https://doramatv.live/vliubitsia_v_tvoiu_ulybku,,"История развития отношений двух профессиональных геймеров.
Девушка, играющая в киберспорте, клянется никогда не вступать в отношения с кем-то в той же области, чем привлекает внимание капитана элитной команды после того, как попадет в его команду.
Студентка Тун Яо стремительно вошла в профессиональный круг киберспорта, став первой официальной киберспортсменкой в профессиональной лиге Китая. Столкнувшись с сомнениями в ее профессионализме, ей приходится преодолевать трудности с настойчивостью и поддержкой своих товарищей по команде, чтобы, наконец, встать на мировую арену, прервать шестилетнюю серию поражений команды китайской Лиги и реализовать свою мечту."
Ты моя судьба (китайская версия),Не досмотрено,20,36,https://doramatv.live/ty_moia_sudba__kitaiskaia_versiia_,,"Чэнь Цзя Синь (Лян Цзе), скромный ассистент, и Ван Си И (Син Чжао Лин), наследник конгломерата, впервые встретились на круизном корабле. Невеста Си И, Анна, оставила его ради карьеры, а парень Цзя Синь изменил ей в первый же день путешествия. Напившись с горя, они проводят вместе ночь. Когда выясняется, что Цзя Синь беременна, бабушка Ван Си И заставляет его жениться, несмотря на то, что он всё ещё любит Анну."
Нора,Просмотрено,18,18,https://doramatv.live/norah,,"Это история девушки, семья которой была разрушена ещё до её рождения. Отец Норы был простым танцором, и её прабабушка приложила немало усилий, чтоб избавиться от него и выдать внучку замуж за богатого адвоката из столицы. Нора, ничего не знающая о тайне своего рождения, вырастает одарённой танцовщицей и певицей. И хотя они с матерью носят знатную фамилию, жизнь женщин напоминает скорее жизнь прислуги. Несмотря на это Нора не отчаивается и делает всё, чтобы защитить мать от нападок окружающих. Своим упрямством и готовностью пожертвовать всем ради матери она привлекает Канчита, молодого аристократа с разбитым сердцем, который начинает сходить с ума по юной танцовщице."
Истинная красота,Просмотрено,16,16,https://doramatv.live/istinnaia_krasota,,"Дорама повествует о девушке, которая не может выйти из дома без макияжа. Она влюбляется в Ли Су Хо, единственного парня, который видел ее истинное лицо. Но он — идеал, лучший ученик, кумир девушек. Парень привлекает всеобщее внимание, куда бы ни пошел. Он никем не интересуется, и его не удивляют девушки, выстраивающиеся в очередь, чтобы признаться ему в чувствах. Вопреки этому Ли Су Хо краснеет, когда ему стыдно, а когда он взволнован, то говорит все, что на уме. На самом деле он добросердечный парень, который всегда сожалеет о своих словах из-за вспыльчивого характера."
Любовь навсегда,Не досмотрено,16,28,https://doramatv.live/liubov_navsegda,,"История первой любви Цзян Чжэнханя и Ся Линьси, которые влюбились в старшей школе. Любовь, которая прошла испытание временем, от юности до зрелости, от школьной формы до свадебного платья. Это романтическое путешествие Чжэнханя и Линьси, которые верят, что будут вместе несмотря ни на что."
Мой сосед – кумихо,Просмотрено,16,16,https://doramatv.live/moi_sosed___kumiho,,"Студентка Ли Дам (Хери) случайно проглатывает бусинку 999-летнего кумихо Син У Ё (Чан Ки Ён), который очень близок к достижению своей цели стать человеком, а пока работает профессором в университете.
Если человек проглотит бусинку, он сможет прожить всего лишь год, после чего бусинка разрушится, а кумихо не сможет стать человеком.
Син У Ё предлагает Ли Дам жить вместе, так начинается их неожиданный роман."
Продолжение,Просмотрено,16,16,https://doramatv.live/prodoljenie,,"Ки Сон Гём — бывший участник сборной по легкой атлетике, сын представителя Национальной Ассамблеи и топ-актера, а также младший брат королевы гольфа. Его принудили заниматься спортом, но затем он встретил того, кто даровал ему свободу."
"Сонбэ, не крась губы",Просмотрено,16,16,https://doramatv.live/sonbe__ne_kras_guby,,"Юн Сон А (Вон Джин А) работает маркетологом косметического бренда. Ее мечта — создать собственный косметический бренд. Тем временем, Чхе Хён Сын (Роун) работает с Юн Сон А маркетологом. Он испытывает к ней романтические чувства. Однако, Юн Сон А отвергает его, потому что не хочет встречаться с молодыми парнями."
Стартап,Просмотрено,16,16,https://doramatv.live/startap,,"История о Со Даль Ми, которая мечтает стать следующим Стивом Джобсом, поэтому открывает собственный старт-ап, её первой любви, Нам До Сане, основателе Samsan Tech, и Хан Чжи Пёне (Ким Сон Хо), лидере инвестиционной компании SH Venture Investment Firm. Сюжет расскажет об их мечте создать в Корее подобие Силиконовой Долины, куда стекаются компании, желающие стать будущими Google и Amazon.
Вон Ин Чжэ (Кан Хан На) - исполнительный директор со степенью MBA Уортонской школы бизнеса. У нее прекрасное образование, хорошая внешность, достаток, девушка быстро развила собственный стартап. Многие считают, что она слишком молода для такой карьеры, но она упорно трудилась над своим нынешним положением в обществе. А еще у нее есть семейная тайна."
Так я женился на антифанатке (2021),Просмотрено,16,16,https://doramatv.live/so_i_married_an_anti_fan,,"Ли Гын Ён (Чхве Су Ён) работает редактором в журнале ""Wonder Woman"". Она решает взять интервью у знаменитого Хо Джуна (Чхве Тхэ Джун), но в итоге все заканчивается конфликтом, из-за чего девушку увольняют. Гын Ён начинает проклинать Хо Джуна, что именно он виноват в том, что она потеряла работу. И по определенным обстоятельствам, главные герои были вынуждены жить в доме Хо Джуна."
Школа свиданий,Просмотрено,16,16,https://doramatv.live/shkola_svidanii,,"Дорама расскажет о шести студентах университета, которые записываются в школу свиданий. Их задача - ответить на 36 вопросов, после которых можно влюбиться или подружиться с человеком. На занятиях они изучают взаимоотношения между людьми, учатся решать конфликты, борются с предательством, узнают, что такое дружба и любовь."
Лучшая ошибка,Просмотрено,15,15,https://doramatv.live/luchshaia_oshibka,,"Ким Ён Ду (Ли Ын Джэ) постоянно приходят сообщения от мальчика, который ей не нравится. Поэтому она соврала ему о том, что у неё есть парень, и загрузила случайную фотографию парня из её школы. Но это оказалась фотография Чжи Хён Хо (Кан Ёль), одного из самых популярных учеников в школе…"
Мое маленькое счастье,Смотрю,15,28,https://doramatv.live/moe_malenkoe_schaste,,"Сюжет повествует о любви между юристом-стажером и хирургом, которые воссоединяются через несколько лет. Они становятся коллегами и по совместительству соседями.
Мать Цун Жун устроила так, чтобы она уехала из страны изучать экономику в надежде, что та сможет обосноваться за границей. Однако Цун Жун, которая хочет стать адвокатом, тайком возвращается в страну, чтобы пройти собеседование и начать работать в качестве стажера в юридической фирме. К ее удивлению, ее первым и самым большим препятствием является не кто иной, как ее друг детства Вэнь Шаоцинь. Чтобы пройти стажировку гладко, Цун Жун вступает в битву умов с Вэнь Шаоцином."
Любовное пророчество,Просмотрено,13,13,https://doramatv.live/forecasted_to_love,,"Росита обладает способностью видеть будущее, когда касается розы. Однажды она принимает участие в шоу, где шесть человек держат в руках по розе, которые затем берёт в руки Росита, чтобы увидеть будущее каждого из них. Взяв одновременно все шесть роз, героиня видит себя, объятия и поцелуи с главным героем - Тирутом... а также кровь и много других пугающих видений будущего владельцев этих роз. Она в шоке. Заметив её странную реакцию, Роситу спрашивают, что же она видела, но она промолчала. После шоу кто-то из этой шестёрки пытается убить её. Росите приходится временно переехать в дом Тирута, ведь они при каждой встрече ругаются и их считают врагами. Кто же хочет убить Роситу и сбудутся ли видения о её собственном будущем?"
Зеленая весна вдали,Просмотрено,12,12,https://doramatv.live/blue_spring_from_a_distance,,"История о жизни студентов колледжа.
Ё Джун (Пак Джи Хун) – первокурсник колледжа из богатой семьи, не получавший достаточно любви от своих родителей. Его старший брат Ё Джун Ван (На Ин У) - профессор в его колледже.
Ким Со Бин (Кан Мин А) – честная и трудолюбивая студентка, которая после развода родителей живёт с отцом.
Нам Су Хён (Пэ Ин Хёк) – студент перфекционист. Он красив и имеет отличные оценки по всем предметам. У Нам Су Хёна тяжелое финансовое положение, он работает на разных подработках, чтобы прокормить себя, мать, младшего брата Нам Гу Хёна (Ким Су Гём) и сестру. В силу своего положения он циничен к людям."
Клетки Юми,Смотрю,12,14,https://doramatv.live/kletki_iumi,,"История обычной офисной работницы Юми с точки зрения клеток мозга в ее голове, контролирующих каждую мысль, чувство и действие.
Юми - обычная женщина, которой трудно выражать свои чувства. По мере того как она испытывает рост как в личной жизни, так и в карьере, она учится находить счастье в маленьких радостях повседневной жизни."
Мистер честность,Не досмотрено,12,31,https://doramatv.live/mister_chestnost/series12?mtr=,,"Сюй И Жэнь теряет свои отношения и карьеру за одну ночь. Ее близкий друг Ся Ди рекомендует ее в архитектурную компанию в качестве помощника генерального директора. Во время интервью она узнает, что генеральный директор Фан Чжи Ю - это человек, который раскрыл правду о том, что ее парень изменяет ей публично. Сюй И Жэнь в конце концов получает работу, но перед ней оказывается непростая задача - лгать своему боссу. Но склонность Фан Чжи Юя к публичному разоблачению ее лжи всегда приводит к неприятным ситуациям."
Параллельная любовь,Не досмотрено,12,24,https://doramatv.live/parallelnaia_liubov,,"Необъяснимым образом главная героиня Линь Мяо переносится во времени на 10 лет назад и падает прямо на Цзяо Яна – красивого парня, который оказывается самым молодым в мире вице-президентом компании. Они невзлюбили друг друга с первой встречи. Но Линь Мяо получает сообщение о том, что сможет вернуться назад в 2020 год, только если поможет Цзяо Яну стать президентом за 3 месяца. И так она устраивается на работу и становится его ассистентом. Здесь же она встречает и своего бывшего парня из 2020 года."
Сильная любовь,Не досмотрено,12,25,https://doramatv.live/silnaia_liubov,,"История о любви между гениальным доктором Чжоу Ши Юнь и актрисой Су Джи Бэй. Которые наотрез отказываются жениться по договорённости. Но спустя время они понимают, что любовь между ними предназначена судьбой."
Так было и так будет всегда,Не досмотрено,12,24,https://doramatv.live/tak_bylo_i_tak_budet_vsegda,,"В первый год старшей школы Фан Ли, девушка из небольшого городка, стала одноклассницей самого умного, но холоднго ученика Ло Яня. В то время Ло Янь был кошмаром для Фан Ли. Три года спустя они снова встречаются в университете."
Ты в моём сердце,Просмотрено,12,12,https://doramatv.live/one_in_my_heart,,"Пум и Нын были врагами с детства. Нын высмеивал Пум за её полноту, и девочка ненавидела его за это. Годы спустя Пум заканчивает свою учёбу и находит работу частного преподавателя для девочки из богатой семьи.
Тем временем Нын заканчивает учиться за границей и возвращается домой. Узнав о его возвращении, Пум делает все, чтобы избежать с ним встречи. Но судьба уготовила им встречу на вечеринке, поскольку они оказались партнёрами в танце.
Как только Нын увидел девушку, она ему сразу понравилась. Однако, герой не знает, что эта девушка и есть Пум. Пум, однако, знает точно, кто он, и отказывается танцевать с ним.
Если бы кузен Пум (который рос вместе с главными героями) не показал Ныну фотографию теперешней Пум, юноша так бы и не догадался, кто она. Получив отказ от Пум, Нын продолжает высмеивать её, как в давние времена. Однако, делать это становится всё труднее и труднее для юноши, потому что он больше не может игнорировать привлекательность Пум. Через некоторое время он понимает, что влюблён в девушку."
Ты мой герой,Не досмотрено,12,40,https://doramatv.live/ty_moi_geroi,,"Ми Ка (Ма Сы Чунь), новый врач в госпитале, встречает спецагента Син Кэ Лэя (Бай Цзин Тин) во время учений. Сначала отношения у них не складываются из-за первоначального недопонимания, но они встречаются при разных обстоятельствах еще несколько раз и видят друг друга в новом свете. Однажды после внезапного землетрясения они отправляются в пострадавший район, чтобы помочь в спасательных операциях, и Син Кэ Лэй тронут самоотверженностью Ми Ка. А потом в одной африканской стране начинаются беспорядки, из-за чего Ми Ка с коллегами оказывается в опасной ситуации, но Син Кэ Лэй их, конечно, спасет."
Приморский городок Ча Ча Ча,Смотрю,10,16,https://doramatv.live/primorskii_gorodok_cha_cha_cha,,"Хон Ду Шик (Ким Сон Хо) зарабатывает на жизнь разного рода случайными заработками, всё знает и умеет. Также он местный герой, помогающий людям, когда с ними что-то случается. Хон Ду Шик принимает только минимальную оплату независимо от задачи и неформально разговаривает со всеми, будь то дети или пожилые люди. О нём ходят разные слухи, в частности о том, почему он пропал на несколько лет.
Юн Хе Чжин (Шин Мин А) – дантистка, которая открывает стоматологическую клинику в маленьком городке. Она красивая и умная женщина, к тому же уверенная в себе. Хе Чжин любит ходить по магазинам и может казаться материалисткой, но у неё доброе сердце, и она регулярно делает пожертвования, чтобы поддержать нуждающихся."
"Прошу, не встречайся с этим парнем",Просмотрено,10,10,https://doramatv.live/proshu__ne_vstrechaisia_s_etim_parnem,,"Дорама о женщинах, у которых есть стетоскоп, который позволяет им отличать мужчин, с которыми им не следует встречаться. Интересная история для людей, которые хотят найти любовь, но избегают «неправильного ответа».
Со Джи Сон (Сон Ха Юн) - программист в команде разработчиков интеллектуальной домашней техники. Она случайно разработала программу искусственного интеллекта под названием «Чо Сан Шин», которая идентифицирует людей, и использует её для помощи людям, у которых трудные отношения.
Чон Кук Хи (Ли Джун Ён) - пожарный, который не испытывает дискомфорта от того, что у него нет смартфона. Он единственный, кого «Чо Сан Шин» не может проанализировать.
Мун Е Сыль (Юн Бо Ми из Apink) - одна из трех женщин, которые легко влюбляются. Несмотря на ее сложные отношения, она не теряет своей энергии.
Так Ки Хён (Гон Мин Чжон) – владелица уникального кафе."
Время Эплдог и ДТ,Не досмотрено,9,38,https://doramatv.live/vremia_epldog_i_dt,,"Благодаря упорному труду и таланту, У Бай сумел стать самым молодым звездным игроком национального конкурса роботов. Он сформировал команду и вошел в финальный раунд соревнований, и на одной сцене с ним Ай Цин, человек, который инициировал его страсть. Оба полны решимости содействовать популяризации и применению технологичных роботов в младшем поколении с помощью конкурса роботов, что ускорит процесс омоложения науки и техники в стране. Страсть Ай Цин к своей работе, настойчивость в погоне за ее мечтами и выдающаяся тактика снискали уважение У Бая: они поддержали друг друга в соревновании и привели свою команду к победе."
Новый тайный королевский инспектор,Не досмотрено,9,16,https://doramatv.live/novyi_tainyi_korolevskii_inspektor,,"История тайного королевского инспектора – уникальной должности для династии Чосон. Тайные королевские инспекторы были правительственными чиновниками, которые специально назначались королём, их инкогнито отправляли в провинции для того, чтобы выслушивать истории людей и контролировать чиновников на предмет коррупции. Они были голосом народа и ушами короля и не могли раскрыть себя. Героические достижения тайных королевских инспекторов являются точным представлением справедливости, к которой стремятся многие люди современности.
Сон И Гём - тайный королевский инспектор и младший шестой советник Хонмунгвана. Днём он живёт обычной жизнью бюрократа, выполняя работу по организации библиотеки Хонмунгвана, ночью тайно играет с другими чиновниками и превращается в ловкача. Хотя он кажется простым распутником, который часто посещает дом кисен, когда у него появляются дополнительные деньги, он не всегда вёл такой образ жизни. Когда впервые попал во дворец, он был многообещающим человеком, который занял первое место на госэкзамене. Но со временем он начал больше интересоваться боевыми искусствами, нежели учёбой.
Хон Да Ин - красивая и умная кисэн, которая может заставить мужчин потерять сознание лишь от одной своей улыбки. Она не только впечатляюще танцует и играет на каягыме (традиционный корейский струнный инструмент), но и смелее большинства мужчин.
Пак Чун Сэм - болтливый наивный молодой человек, ничего не знающий о своей семье, который служит Сон И Гёму."
В прямом эфире,Просмотрено,8,8,https://doramatv.live/v_priamom_efire,,"Пэк Хо Ран находится на вершине социальной пирамиды в своей школе, где популярность обеспечивает высокий социальный статус. Несмотря на это, у Пэк Хо Ран есть только один настоящий друг, поскольку она считает себя центром вселенной и смотрит на других сверху вниз. Она присоединяется к клубу радиовещания, которым руководит Го Ын Тэк, чтобы получить от него помощь в поиске таинственной личности, которая пытается раскрыть секрет из прошлого Пэк Хо Ран.
Го Ын Тэк – перфекционист, внимательный к деталям, идеально все планирует и иногда может быть раздражительным. Хотя он строг и непреклонен, когда дело касается его руководства, он никогда не уклоняется от задач, которые ему дают сокурсники.
Рядом с ними До У Джэ, который помогает поддерживать порядок в школе и является близким другом Го Ын Тэка, поскольку они похожи и ставят логику и рациональность превыше всего;
Со Хён – звезда социальных сетей, одна из самых популярных девушек в школе;
Чжи Со Хён – заместитель руководителя клуба и трудолюбивая ученица с впечатляющими оценками;
Кан Джэ И - девушка До У Джэ, которая окутывает его любовью;
Ким Ю Син – наивный парень, похожий на гончую."
Мой замечательный сосед,Просмотрено,8,8,https://doramatv.live/moi_zamechatelnyi_sosed,,"Молодая девушка Ын Чжон устраивается на работу в отдел дизайна и переезжает в город поближе к работе. Комнату (вместе с соседом) ей помогла найти мама. Но кто бы мог подумать, что сосед окажется не так прост."
Моя девушка (2020),Не досмотрено,8,24,https://doramatv.live/moia_devushka__2020_,,История о скупом генеральном директоре и визажисте со шрамом.
Романтические разговоры,Просмотрено,8,8,https://doramatv.live/romanticheskie_razgovory,,"История о девушке Даён, которая переживает тяжелое расставание. В попытках отвлечься, она натыкается на канал одного ютубера, который сразу же привлекает внимание девушки. Время лечит, и все постепенно приходит в норму, но бывший снова дает знать о себе.
""Неприятности приходят тогда, когда меньше всего их ждешь.""
Как переживет героиня очередную встречу с бывшим? И что случится, когда парень мечты окажется всего в паре метров от нее?"
Милый домашний брак,Просмотрено,7,7,https://doramatv.live/milyi_domashnii_brak,,"Молодая пара поженилась практически сразу после знакомства через приложение для знакомств, не зная, что работают в одной компании. Они решили сохранить свой брак в секрете от компании и друзей. Сначала молодые супруги думали, что жениться без любви - это нормально, но постепенно их влекло друг к другу."
Ты дополняешь меня,Не досмотрено,7,40,https://doramatv.live/ty_dopolniaesh_menia,,"В конце 20-го века из-за внезапного решения Цинь Шэншэна бизнес отца Гао Шаня обанкротился. Гао Шань хочет доказать невиновность своего отца, но на своем пути неожиданно влюбляется в дочь Цинь Шэншэна, Цинь Во. Узнав о намерениях Гао Шаня, Цинь Шэншэн заставляет его уйти с работы.
Гао Шань решает отправиться в Гонконг, чтобы начать все с чистого листа, где встречает благодетеля и зарабатывает свой первый в жизни миллион. Под руководством наставника он направляется в Пекин и становится известным инвестором. Вскоре Гао Шань встречает Цинь Во, которая стала финансовым хедхантером. Может ли любовь помочь им снова найти дорогу друг к другу?"
Бурная жизнь в круглосуточном магазине,Просмотрено,6,6,https://doramatv.live/burnaia_jizn_v_kruglosutochnom_magazine,,"История о молодой девушке, устроившейся на работу в мини-маркет, которая попадает в неловкие, с ноткой флирта, отношения с четырьмя красивыми парнями с совершенно разными характерами."
Главный герой моей жизни,Просмотрено,6,6,https://doramatv.live/glavnyi_geroi_moei_jizni,,"Согласно гаданию отца главной героини, ее любовная удача в этом году очень и очень велика.
Друг, соседский парень и бывший! Три первоклассных кандидата, уготованных ""судьбой"".
Сможет ли наша героиня найти среди них того самого?"
Записки юности,Не досмотрено,6,16,https://doramatv.live/zapiski_iunosti,,"Дорама о модельном мире Кореи и подающих надежды молодых людях, которые живут в современном мире, где статус при рождении зачастую определяет всю дальнейшую жизнь. Они мечтают о недостижимой роскоши и переживают то, что свойственно юности.
Са Хе Джун (Пак Бо Гом) – реалист, мечтающий стать моделью и актером. У него яркая и теплая личность, но он также умеет объективно смотреть на мир.
Ан Чон Ха (Пак Со Дам) мечтает стать визажисткой. Она разумный, трудолюбивый человек, который хорошо оценивает свои способности. Она нелегко отрешается от того, что происходит вокруг нее, и неуклонно идет своим путем. Ее цель — избавиться от внутренней неуверенности и обрести стабильность собственными силами.
Вон Хэ Хё (Пён У Сок) – модель и актер, лучший друг Са Хе Джуна. Он добрый и воспитанный, но его тяготит жесткая конкуренция. Вон Хэ Хё работает изо всех сил над тем, что любит, поэтому ненавидит, когда люди говорят, что он получил преимущество, родившись с золотой ложкой во рту. Он считает, что попал туда, где находится, после честного и равного соревнования со своим лучшим другом.
Трансляция с 07.09.2020 по понедельникам и вторникам в 21:00
Кадры
Новые цитаты из дорамы Записки юности Всего: 10
- Почему ты так волнуешься из-за количества своих подписчиков?
- Почему я волнуюсь? У меня миллион подписчиков, они же мои фанаты…
- Эти цифры не настоящие. Хочешь знать, что реально? Когда тебе аплодируют на сцене, как Хе Чжуну.
Хё Джун/ его мать
AlikaJi
Я верила, что смогу вынести это. Но вера гораздо более хрупка, чем любовь
Ан Чон Ха
yanaasss
Мой дедушка сказал, что иногда проигрыш - это победа.
Са Хе Чжун
yanaasss
Комментарии Ответить Читать обсуждение дальше...
Lovrora
Lovrora
Посмотрела первую серию и большую часть второй через трансляцию. В итоге не поняла, то ли понравилось, то ли нет. Потом увидела сценаристку и всё стало понятно))
Просто надеюсь, что эта дорама не превратится в ""Температуру любви 2"" с шикарным кастом и вроде нормальным началом, но в итоге с невнятным треугольником, унылыми диалогами, глупыми страданиями и просто с сюжетом ни о чём
N. Z.
N. Z.
Те, кто смотрит в онгоунге, как Вам? Хотелось бы новую хорошую дораму с Пак Бо Гомом... ""Свет луны"" понравился, на ""Бойфренде"" отчаянно заскучала. Эта на что больше похожа?
AkinaSora
AkinaSora
пока нормально ,американских горок и эмоциональных качелей нет ..сюжет только набирает обороты . но не рассчитывайте на лихо закрученный сюжет ,пестрящий скандалами, интригами и расследованиями ,здесь больше упор на неспешное повествование ,скорее повседневность ,много внимания уделяется родителям героев.
N. Z.
N. Z.
AkinaSora wrote:
пока нормально ,американских горок и эмоциональных качелей нет ..сюжет только набирает обороты . но не рассчитывайте на лихо закрученный сюжет ,пестрящий скандалами, интригами и расследованиями ,здесь больше упор на неспешное повествование ,скорее повседневность ,много внимания уделяется родителям героев.
Спасибо за отзыв!
А я бы не отказалась от лихо закрученного сюжета... Мне не то чтобы скандалы нужны, но такая история, что ""Ах, боже мой! Что же будет дальше?!"" Что-то в последние годы корейцы перестали радовать.
Серафима Пекала
Серафима Пекала
как же хочется увидеть эти дорамы, что кусочками нам показывают в этой дораме!!!!!! Где, гг снимается в разных ролях!
donnaley
donnaley
Очень, очень нравится дорама. Впечатление будто сама жизнь показана на экране. Простые жизненные ситуации и тем не менее напряжение становится почти осязаемым. Трудный путь к успеху и цена, которую надо платить за него, соизмеримы ли они, справедлива ли она? Как меняет не только герой, но весь окружающий мир вокруг него. Осталось 4 серии, но я бы посмотрела, еще, как минимум, 16.
Ответить Читать обсуждение дальше...
Развернуть
Интересные факты
Первоначально главную мужскую роль предложили Чан Ки Ёну, но он отказался.
Трейлеры и дополнительные материалы
Включить видео http://vk.com/ Тизер Сабы ( Переводчик Мания )
Включить видео http://vk.com/ Тизер 2 Сабы ( Переводчик Мания )
Включить видео http://vk.com/ Тизер 4 Сабы ( Переводчик Мания )
Включить видео http://vk.com/ Тизер 5 Сабы ( Переводчик Мания )
Включить видео http://vk.com/ Сабы ( Переводчик FSG Solomon )
Включить видео http://vk.com/ Сабы ( Переводчик FSG Solomon )
Включить видео http://vk.com/ (OST) Boo Seung Kwan (SEVENTEEN) - Go Сабы ( Переводчик FSG Save our Souls )
Включить видео http://vk.com/ (OST) Chung Ha - You're In My Soul Сабы ( Переводчик FSG Kamikaze )
Включить видео http://youtube.com/ (OST) Baekhyun - Every Second Сабы
Включить видео http://vk.com/ (OST) Whee In (Mamamoo) - Shine On You Сабы ( Переводчик FSG Kamikaze )
Включить видео http://vk.com/ (OST) Kim Jae Hwan - What If Сабы ( Переводчик FSG Kamikaze )
Включить видео http://vk.com/ (OST) Bobby (iKON) - Spotlight Сабы ( Переводчик FSG Kamikaze )
Включить видео http://vk.com/ (OST) Lee Hi - Brave Enough Сабы ( Переводчик FSG Kamikaze )
Включить видео http://vk.com/ (OST) J Rabbit - Just You Сабы ( Переводчик FSG Kamikaze )
Включить видео http://vk.com/ (OST) Sejeong (Gugudan) - What My Heart Says Сабы ( Переводчик FSG Kamikaze )
Включить видео http://vk.com/ (OST) Xani - It's Ok, Because It's You Сабы ( Переводчик FSG Kamikaze )
Развернуть
Смотреть серии онлайн
Записки юности Серия 1 новое
Записки юности Серия 2
Записки юности Серия 3
Записки юности Серия 4
Записки юности Серия 5
Записки юности Серия 6
Записки юности Серия 7
Записки юности Серия 8
Записки юности Серия 9
Записки юности Серия 10
Записки юности Серия 11 новое
Записки юности Серия 12 новое
Записки юности Серия 13 новое
Записки юности Серия 14 новое
В главных ролях
Другие дорамы ведущих актеров
Золушка и четыре рыцаря
Золушка и четыре рыцаря
Свет луны, очерченный облаком
Свет луны, очерченный облаком
Ответ в 1988
Ответ в 1988
Похожее
Замок ведьмы
Замок ведьмы
Идеал
Идеал
Комната Момин
Комната Момин
Поделиться
Редактировать описание
Добавить новые серии
Добавить рецензию
Добавить обзор
Добавить цитату
Добавить похожее
Сообщить об ошибке
Последние комментарии
doyoung: только не это.. тт
prettyarchibald: У корейцев новый дорамный штамп. Милая, трудолюбивая, адекватная героиня, которая с хладнокровием убийцы говорит своему возлюбленному: ""Я люблю тебя. Давай расстанемся"". При этом пропагандируется установка: люби себя, а бывший сам со своим разбитым сердцем разберется.Только что наблюдала это в дораме о скрипачке, теперь визажист туда же. В общем, выбор главных героинь у нас не велик: либо глупая и вздорная истеричка, либо умная, рассудительная, но эгоистичная себялюбица. Не густо!
Зухрушка: Ни хочу видеть,как они расстаются(((.Поэтому дождусь последние две серии.Если расстанутся,то продолжение смотреть не буду.(((
tori2391: Согласна с пред идущем комментарием!
Iowa22: После спойлеров я даже смотреть эту серию не хочу, чтоб зря не расстраиваться ахаха
Н-А-Т-А-ша: да эти отношения никакими были с самого начала..
_angel_7: она же не профессиональный менеджер, она - новичок, и как справляться с такими сплетнями не знает. Да тупо у нее нет за спиной влиятельных людей, как у других менеджеров, да хоть возьмем этого Ли Тэ Су. Хоть он и ... несправедливый, но сейчас его компания может справится со сплетнями.
Asiabay: Ее можно понять. У нее свои амбиции есть, просить ее отказаться от ее мечты - это как просить ХеДжуна бросить карьеру. Она только открыла свое дело и упорно нарабатывает репутацию и клиентов, что будет если раскроется, что она его девушка? Она очень сильно пострадает из-за этого
_angel_7: Отношение с обычным человеком и отношение с знаменитостью - это РАЗНЫЕ ВЕЩИ! И каждый зритель должен был знать, чем все это обернется. И поэтому то, что они потихоньку начинают ссориться, мало разговаривать, мало проводить время вместе (как было в первых сериях), вообще не удивляют. Но вот... сплетни, связанные с Чарли Чоном, уже бесят. Я понимаю, что журналисты делают свою работу (и надо признать они в этом мастера). Я обожаю роль Син Дон Ми, но...
Wolfwild: До последнего оправдывала ЧонХа, ровно до конца этой серии. Но как можно быть такой эгоистичной с*й. У меня не хватает злости на нее. Если бы она любила его, то никогда бы не оставила в трудную минуту. Овца. Надеюсь это будет последний раз когда сердце ХеДжуна было разбито. Найди ты уже себе хорошую и достойную девушку!
Количество закладок
В процессе: 2184
Посмотрели: 46
В любимых: 98
Похожее
Замок ведьмы
Идеал
Комната Момин
Причудливая жизнь
Счастливая семья
Тайная жизнь
Фукуядо Хомпо - История любви в Киото
Добавить похожее Похожее
Закончил? Сделай дело!
Пользовательское Соглашение | Жалоба на контент | Для правообладателей | Реклама на сайте | О нас
ReadManga MintManga DoramaTV LibreBook FindAnime SelfManga SelfLib MoSe GroupLe"
Любовный сигнал 2,Просмотрено,6,6,https://doramatv.live/liubovnyi_signal_2,,"Дорама основана на одноименном вебтуне и рассказывает о мире, в котором было разработано особое приложение для телефонов. Сигналом оно оповещало владельца о том, что в радиусе 10 метров находится влюбленный в него человек. В центре сюжета трое молодых людей: Ким Чжо Чжо (Ким Со Хён), Хван Сон О (Сон Кан) и Ли Хе Ён (Чон Га Рам). Парни влюблены в девушку, которая изначально была влюблена в Хван Сон О. Однако затем она решила закрыть свое сердце и установила на приложение уникальную защиту, которая не позволяет определить ее истинные чувства. Пути влюбленных школьников разошлись, и встретились они лишь спустя долгое время.
Во втором сезоне, события которого происходят спустя 4 года, в приложении появились новые функции - просматривать список ""людей, которые вам понравятся"" и ""людей, которым вы понравитесь"".
Зрителям предстоит узнать ответы на множество вопросов из первого сезона: кого из парней выберет главная героиня, выжил ли разработчик приложения и сможет ли снять защиту с Чжо Чжо, чем закончится безответная любовь подруги Сон О - Юк Джо (Ким Си Ын) и т.д."
На моё имя,Просмотрено,6,6,https://doramatv.live/na_moe_imia,,"В вымышленном государстве Nameverse на телах людей написаны имена их вторых половинок.
Ю Чжэ А - симпатичный студент, специализирующийся на фотографии, который привлекает к себе внимание окружающих. Однако его мало интересуют любовь или судьба."
Однажды разрушение вошло в дверь моего дома,Не досмотрено,6,16,https://doramatv.live/odnajdy_razrushenie_voshlo_v_dver_moego_doma,,"Мёль Ман вел бурную жизнь, подчиняясь прихотям судьбы, пока не оказался на грани разрушения. Он родился между тьмой и светом: когда дышит, страны исчезают; где ходит, времена года разрушаются; когда улыбается, жизнь угасает. Всё, что он должен сделать, – это существовать, чтобы что-то разрушилось. Это не его намерение, а просто его судьба. Мёль Ман завязывает отношения с Так Дон Гён, которая проклинает весь мир и втягивает его в свою жизнь со своим яростным желанием жить.
Так Дон Гён (Пак Бо Ён) – редактор в компании, занимающейся веб-новеллами. Она живёт обычной жизнью, но однажды из-за превратностей судьбы ей приходится рискнуть своей жизнью и любовью, заключив 100-дневный контракт с Мёль Маном.
Ким Са Рам (Со Ин Гук) – посредник между богом и людьми, известный как Мёль Ман (Разрушение). Когда Так Дон Гён попадает в ловушку трагической судьбы, он решает сделать всё, чтобы спасти её.
Чха Чжу Ик (Ли Су Хёк) – главный редактор и коллега Так Дон Гён по работе. Его описывают как мастера первого поцелуя, своими сладкими словами и поведением он вдохновляет писателей веб-новелл на новые работы.
Ли Хён Гю (Кан Тэ О) – владелец кафе, живёт вместе с Чха Чжу Иком, сожалеет о своей первой любви.
На Джи На (Син До Хён) – интернет-писательница, попавшая в любовный треугольник между Чха Чжу Иком и Ли Хён Гю."
Отец по контракту,Просмотрено,6,6,https://doramatv.live/otec_po_kontraktu,,"Аён со своей сестрой всегда хотели, чтобы в их жизни был папа, но разве можно вот так взять и ""завести"" отца? И что делать, если внезапно в их жизни появляется мужчина, готовый стать их приемным отцом при том, что сам годится Аён максимум в братья?"
Принц-тритон,Просмотрено,6,6,https://doramatv.live/princ_triton,,"Хёри (Чон Шинхе) отправляется в учебную поездку в провинцию Канвон и встречает Ухёка (Мун Бин), таинственного парня, управляющего местным гостевым домом."
Ритм моего сердца,Не досмотрено,6,24,https://doramatv.live/ritm_moego_serdca,,"Мэй Вэй Вэй родилась с необычной естественной частотой тела. Поэтому от одного её взгляда парни могут быть возбуждены до такой степени, что влюбляются. Она старается скрыть эту особенность, так как хочет быть обычной как все. Но однажды идеальный парень Май Сы Чун получает ""шок"" от неё. Он - легенда плавания, общительный и смелый, но чувствительный. Что же произойдёт когда спортивный герой, который ничего не знает о любви, внезапно влюбится по уши?"
Способ ненавидеть тебя,Просмотрено,6,6,https://doramatv.live/sposob_nenavidet_tebia,,"Хан Дэ Ган (На Дже Мин) - первокурсник в университете на кафедре анимации, поклонник манги и видеоигр. Он кажется холодным и равнодушным, но на самом деле у Дэ Гана очень доброе сердце.
Однажды он попадает в странную историю, в которой ему приходится изображать парня О Ми Ри (Ким Чжи Ин) - первокурсницы, влюблённой в Го Ын Тэ (Ли Чон Вон).
Загвоздка в любовной истории Ми Ри состоит в том, что её возлюбленный - парень её лучшей подруги, Ли Да Сом (Ким Ю Джин).
Нас ждёт история запутанной университетской любви и дружбы."
"Что, если вы мой босс?",Не досмотрено,6,24,https://doramatv.live/chto__esli_vy_moi_boss_,,История любви между разборчивым генеральным директором и его временным специальным помощником.
Влюбленность,Смотрю,5,20,https://doramatv.live/vliublennost_2021,https://disk.yandex.ru/d/pIIQLEot-3qYLA/[Озвучка%20SOFTBOX]%20Влюбленность,"Историческая дорама, основанная на манхве о близнецах, рожденных во дворце. Хотя одного из близнецов бросают из-за того, что она девочка, позже она притворяется мужчиной и становится наследным принцем, когда умирает ее брат.
Ли Хви (Пак Ын Бин) притворяется своим братом – идеальным наследным принцем, искусным в литературе и боевых искусствах и с красивой внешностью. Но из-за этой тайны Ли Хви никогда не раскрывает свои чувства и сохраняет дистанцию со всеми, кто пытается приблизиться, включая дворцовых дам.
Чон Джи Ун (Роун) – учитель Ли Хви из сикангвона (учреждение, целью которого является обучение наследных принцев). Он красив, смел, настойчив и упорен, легко воспринимает жизнь и живет без проблем, как оптимист, который любит жизнь. Будучи сыном правительственного чиновника из сахонбу (следственное правительственное учреждение), его будущее, казалось, было ясно определено. Однако была причина, по которой он выбрал собственный путь, отказавшись от более легкого пути."
Меланхолия,Смотрю,5,16,https://doramatv.live/melanholiia__2021_,https://disk.yandex.ru/d/pIIQLEot-3qYLA/%5BОзвучка%20SOFTBOX%5D%20Меланхолия,"Действие происходит в частной средней школе, которая является рассадником коррупции.
Чжи Юн Су (Им Су Чжон) - учитель математики в школе. Она добродушна, но имеет сильную волю, чтобы двигаться вперед. Она призывает своих учеников найти свои собственные ответы и доказательства для математических вопросов.
Пэк Сын Ю (Ли До Хён) - ученик школы, где преподает Чжи Юн Су. Он неразговорчив, друзей в школе у него нет, а его академический балл достигает самого низа. Большую часть своего времени Сын Ю проводит с камерой, запечатлевая картины окружающего мира, но у него удивительное прошлое. С малых лет он был признан математическим гением, выигрывая многочисленные олимпиады по математике. А когда ему исполнилось10 лет, он поступил в Массачусетский технологический институт в США, но внезапно исчез в возрасте 12 лет.
Чжи Юн Су сразу замечает талантливого ученика, но ее участие в жизни студента приводит к грязным слухам, и без разбирательств ее увольняют из школы. Но судьба распорядилась иначе, и спустя годы они встретились вновь...
Главным героям предстоит столкнуться с множеством препятствий и непредвиденных обстоятельств в попытке восстановить справедливость и разоблачить коррупцию. Смогут ли они противостоять? Возможны ли отношения между бывшим учителем и учеником?"
Я стану твоей ночью,Смотрю,4,12,https://doramatv.live/ia_stanu_tvoei_nochiu,https://disk.yandex.ru/d/pIIQLEot-3qYLA/%5BОзвучка%20SOFTBOX%5D%20Я%20стану%20твоей%20ночью,"Юн Тхэ Ин (Ли Джун Ён) - мировая звезда и кумир, участник известной айдол-группы LUNA, который страдает лунатизмом. Чтобы вылечить его, частный врач (Чон Ин Сон) переезжает в общежитие группы.
В составе группы LUNA, кроме лидера и вокалиста Юн Тхэ Ина, так же басист Ли Син (ДжейА), барабанщик Ким Ю Чхан (Юн Джи Сон), клавишник Га Он (Ким Дон Хён) и гитарист Со У Ён (Чан Дон Чжу)."
Сказка о кумихо,Не досмотрено,3,16,https://doramatv.live/skazanie_o_kumiho,,"Кумихо Ли Ён (Ли Дон Ук) являлся живым божеством горного хребта горы Пэкду, но затем получил должность передаточного звена между миром живых людей и потусторонним миром. Его главная задача — навести порядок среди тех, кто нарушает мир живых, прячась за маской сказок о призраках. В людском облике он может похвастаться потрясающей внешностью, интеллектом и великолепными спортивными способностями, но при этом слишком самоуверен и временами может быть жестоким. На его пути встречается амбициозный режиссер-продюсер Нам Чжи А (Чо Бо А), которая совершенно бесстрашна, когда дело доходит до создания уникального контента.
Сводный брат Ли Ёна, Ли Ран (Ким Бом) — самый опасный кумихо, который питает глубокое презрение к людям, несмотря на то, что живет среди них. Иногда он соблазняет людей, обещая исполнять их желания, за что в конечном итоге они платят огромную цену."
ДоДоСольСольЛяЛяСоль,Не досмотрено,2,16,https://doramatv.live/dodosolsollialiasol,,"История о пианистке по имени Гу Ра Ра, которая достигла дна после краха своей семьи и Сон У Джуне - загадочном парне с жёстким характером, работающим на разных работах и с множеством секретов.
Гу Ра Ра - незрелая и озорная пианистка. Она простая, уверенная в себе, яркая и милая, способная смеяться, независимо от того, насколько ужасна ситуация. Любит шутить и непредсказуемо вести себя даже в серьезные моменты, поскольку прожила жизнь без страха, имея возможность покупать всё, что пожелает."
Семидневный роман 2,Не досмотрено,2,10,https://doramatv.live/semidnevnyi_roman_2,,"Что заставило наших героинь снова поменяться жизнями и какие испытания уготовила для них эта неделя, похожая на сон?"
Теплая летняя ночь Цзюня и Нуань,Не досмотрено,2,24,https://doramatv.live/teplaia_letniaia_noch_cziunia_i_nuan,,"Первокурсница Су Нуань Ся полна решимости выполнить последнее желание своего отца-тренера – восстановить баскетбольную команду и привести её к победе над соперниками Шэньхуа.
Однажды девушка случайно обнаруживает, что ученик Цзюнь Е обладает отличными навыками. Она пытается завербовать его в команду любой ценой, но парень, похоже, не заинтересован в этом, да и другие ученики не спешат в команду к девушке, потому что не верят в ее силы, т.к она девушка.Сможет ли она исполнить мечту своего покойного отца и какие трудности ожидают ее на этом пути?"
Школа 2021,Смотрю,2,16,https://doramatv.live/shkola_2021,https://disk.yandex.ru/d/951i3xJYuiOnPQ,"На этот раз в центре сюжета учеба в профессионально-технической школе, ученики которой не будут поступать в колледж, как многие другие.
Ким Тхэ Чжин когда-то был подающим большие надежды тхэквондистом, но травма ноги перечеркнула всего его надежды. В то же время бизнес его отца обанкротился, и ему пришлось поступить в профессионально-техническую школу. Он не по годам взрослый, но совершенно не знает как вести себя с симпатичными девушками.
Чжу До Бин – трудолюбивый студент, подружившийся с Тхэ Чжином, хоть у них и мало общего.
На Гым Ён – студентка второго курса. Она обучается кулинарии и мечтает стать известным ютубером. Ее отец владеет караоке-баром на окраине города."
Мой законный муж,Не досмотрено,1,15,https://doramatv.live/moi_zakonnyi_muj,,"Мэй - милая и добрая девушка, которая живёт у лучшей подруги матери. Она безответно влюблена в сына своей благодетельницы по имени Тиен. Парень постоянно шутит, насмехается и издевается над ней. Несмотря на это, девушка готова ему всё простить из-за своей любви.
Внезапно Тиену и Мэй приходится пожениться, чтобы спасти героя от назойливого внимания жены властного человека. Тиен не любит Мэй, не видит в ней женщину, так как они выросли вместе, и воспринимает женитьбу как каторгу. Он мечтает, чтобы его женой стала идеальная женщина, которой Мэй в его глазах не являтся. Вскоре парень узнает, что Мэй питает к нему безответную любовь. Это заставляет его ещё сильнее желать развода. Ему нужен идеал, а она уже нашла своего принца в лице Тиена... Станет ли этот фиктивный брак настоящим? Удастся ли Тиену не влюбиться в свою жену?"
"Эй, учитель, вы разве не знаете?",Не досмотрено,1,6,https://doramatv.live/ei__uchitel__vy_razve_ne_znaete_,,"История любви начинающей мангаки Ханаи Ао, у которой отсутсвует какой-либо опыт в романтических отношениях, и Кидо Ричи, популярным и харизматичным стилистом."
#Хэштег любви,В планах,0,7,https://doramatv.live/_heshteg_liubvi,,"История о взаимоотношении полов в век личных сообщений, комментариев, лайков и хэштегов."
Аватар короля,В планах,0,40,https://doramatv.live/the_king_s_avatar,,"В онлайн-игре ""Слава"" Е Сю известен как эксперт экстра-класса и топовый игрок, но из-за ряда обстоятельств его выгоняют из команды профи. После провала Е Сю устраивается в одном интернет-кафе менеджером. А когда ""Слава"" запускает десятый сервер, он снова погружается в игровые пучины, вооружённый десятилетним опытом, воспоминаниями о былом и недоделанным самодельным оружием. Его восхождение к вершине начинается."
Во имя семьи,В планах,0,40,https://doramatv.live/vo_imia_semi,,"Трое из неблагополучных семей, не связанные кровными узами, относятся друг к другу как к семье, поскольку ощущают потребность в любви, которую не находят дома. Старший брат Лин Сяо, второй брат Хэ Цзыцю и младшая сестра Ли Цзяньцзянь растут вместе, поддерживают друг друга, постепенно исцеляя свои внутренние раны и принимая прошлое."
Девушка с огоньком,Не досмотрено,0,,https://doramatv.live/devushka_s_ogonkom,,"Дао должна выйти замуж за Парама, но она категорически против, потому что никогда не видела его и не знает, какой он человек. С целью получения информации она приступает к плану ""Разведка боем"", а именно... маскируется и устраивается к нему на работу под другим именем..."
Его и её сценарий любви,В планах,0,36,https://doramatv.live/ego_i_ee_scenarii_liubvi,,"Чжу Сюаньвэнь (Вань Янь Ло Жун) – мужчина, обладающий благородной внешностью и множеством достоинств. Жаль, что он заболел неврозом в молодом возрасте - после необъяснимой автомобильной аварии он впадает в бредовое состояние и считает себя принцем. С тех пор он больше не заботится о деятельности своей компании и концентрируется на том, чтобы стать императором.
Ло Хуай (Чжуан Да Фэй) – врач-психиатр на грани банкротства. Из-за потребности в деньгах она взяла на себя ответственность за лечение Чжу Сюаньвэня. Однако она не ожидала, что её мирные дни когда-нибудь закончатся. Проводя время вместе, они начали влюбляться друг в друга."
Закон чести,В планах,0,14,https://doramatv.live/zakon_chesti,,"После смерти родителей Палай хочет доказать, что их гибель не случайность, а убийство. Она не только потеряла родителей, но и лишилась дома, компании, денег, которые ее тетя получила, опираясь на закон. Она хочет прояснить ситуацию и доказать, что ее тетя и отец Сивы все подстроили. Палай угрожает Сиве, что вышлет в газеты всю информацию со своего сайта о корпорации его отца, если он на ней не женится. Взамен обещает сказать ему код к этому сайту. Она хотела выйти замуж за Сиву, чтобы попасть в их дом и найти доказательства. И это только начало ее мести."
Зеленая весна вдали,В планах,0,12,https://doramatv.live/blue_spring_from_a_distance,,"История о жизни студентов колледжа.
Ё Джун (Пак Джи Хун) – первокурсник колледжа из богатой семьи, не получавший достаточно любви от своих родителей.
Ким Со Бин (Кан Мин А) – честная и трудолюбивая студентка , которая после развода родителей живёт с отцом.
Нам Су Хён (Пэ Ин Хёк) – студент перфекционист. Он красив и имеет отличные оценки по всем предметам. У Нам Су Хёна тяжелое финансовое положение, он работает на разных подработках, чтобы прокормить себя, мать, младшего брата и сестру. В силу своего положения он циничен к людям."
Императорский коронер,В планах,0,36,https://doramatv.live/imperatorskii_koroner,,"Девушка Чу Чу из семьи коронеров встречает принца Сяо, ответственного за дела о насильственных преступлениях. Сяо Цзиньюй кажется слабым и болезненным и ему не хватает надёжных людей для расследования дела. Впоследствии он нанимает Чу Чу в качестве своего помощника. Вместе им удаётся раскрыть шокирующее дело, которое затянулось на 18 лет."
Искра любви,В планах,0,24,https://doramatv.live/iskra_liubvi,,"Мэй Вэй Вэй родилась с необычной естественной частотой тела. Поэтому от одного её взгляда парни могут быть возбуждены до такой степени, что влюбляются. Она старается скрыть эту особенность, так как хочет быть обычной как все. Но однажды идеальный парень Май Сы Чун получает ""шок"" от неё. Он - легенда плавания, общительный и смелый, но чувствительный. Что же произойдёт когда спортивный герой, который ничего не знает о любви, внезапно влюбится по уши?"
Класс чтения,В планах,0,40,https://doramatv.live/klass_chteniia,,"У Цзяшу, умная и начитанная девушка, заключает контракт со знаменитостью Лу Синчэнем, который должен поддерживать имидж «хорошего ученика». Она тайно наставляла его и помогала подготовиться к появлению на телешоу «Класс чтения», а Лу Синчэнь помогал ей выплатить долги и сохранить ее книжный магазин. На уроке чтения они также знакомятся со многими материалами, с историями людей, написавших эти книги, а также они помогают другим решить сложные жизненные проблемы. Проводя время вместе, постепенно они начинают испытывать чувства друг к другу."
Класс ютуберов,В планах,0,0,https://doramatv.live/klass_iutuberov,,"Что если бы в школе был специальный класс, в котором учились те, кто хотят стать ютуберами?
Три друга и учитель. Проект ""стань ютубером"" начинается."
Легенда о Фэй,В планах,0,51,https://doramatv.live/legenda_o_fei,,"Много лет назад мир боевых искусств захлёбывался в крови. Но шло время, и получивший высочайший указ герой по имени Ли Чжи сумел усмирить разбойников, и с тех пор в сорока восьми крепостях, состоявших из героев с «подпорченной репутацией», царит мир. Неукротим бег времени, и после смерти Ли Чжи именитые семьи, хранящие тайны боевых искусств, стали терпеть поражение одна за другой. Дочь Ли Чжи, Ли Цзиньжун, ставшая хранительницей одной из крепостей после отца, родила девочку в браке с учёным Чжоу Итаном. Только что появившееся на свет дитя нарекли Чжоу Фэй. Вот только родилась девочка во времена, когда слава прежних поколений меркнет, сметённая новыми проблемами.
В тринадцать лет сбежавшая из дому Чжоу Фэй падает в реку, откуда её чудом спасает юноша по имени Се Юнь. Молодые люди, сами того не подозревая, запускают цепь судьбоносных событий, цель которых — вновь и вновь сводить их вместе. Этим двоим предстоит совершить длительное путешествие по миру боевых искусств, встретив на своём пути немало опасностей, коварных завистников и мудрых наставников, а куда приведёт их эта дорога — ведомо лишь Судьбе."
Любовь начинается с брака,В планах,0,35,https://doramatv.live/liubov_nachinaetsia_s_braka,,"Находясь под давлением семьи, Лу Фан Нин, генеральный директор компании по производству товаров для дома, выбирает в качестве партнера по браку и на роль отца ребенка Лин Жуи, хирурга с добрым сердцем."
Мстители из Буам-дон,В планах,0,12,https://doramatv.live/avengers_social_club,,"Ким Чон Хе (Ли Ё Вон) - наследница большой компании. Она кажется высокомерной и циничной, но на самом деле наивная и добродушная. Ее брак был заключен по расчету для выгоды семьи, но несмотря на это, Чон Хе старается быть хорошей женой. Однажды она узнает, что муж изменяет ей, и решает отомстить. Ради этого создает ""Клуб мстителей"". К ней присоединяются Хон До Хи, Ли Ми Сук и Ли Су Гём, у которых тоже есть причины для мести.
Хон До Хи (Ра Ми Ран) - продавщица рыбы на рынке. Она мечтает отомстить хулиганам, которые издевались над ее сыном в школе.
Ли Ми Сук (Мён Се Бин) - обычная домохозяйка, которая пытается жить счастливой жизнью, но ее муж жесток к ней.
Ли Су Гём (Ли Джун Ён) мечтает отомстить своим биологическим родителям. Его настоящий отец - муж Ким Чон Хе."
На коньках навстречу любви,В планах,0,40,https://doramatv.live/na_konkah_navstrechu_liubvi,,"Тан Сюэ и Ли Юй Бин знакомы с младшей школы и знакомство это было весьма своеобразным. Тан Сюэ всячески доставала робкого и стеснительного Ли Юй Бина.
Теперь они встретились в университете, когда Ли Юй Бин стал признанным богом хоккея, а Тан Сюэ может лишь мечтать об успехах на льду. Наконец Ли Юй Бин может сполна отомстить своей давней обидчице. А может всё не так просто?"
Неожиданная любовь,В планах,0,24,https://doramatv.live/neojidannaia_liubov,,"Когда три года назад ужасный несчастный случай унес жизнь его матери, Сюй Но (Фань Ши Ци) так и не смог полностью оправиться от шока. С того дня Сюй Но живет с аффективным расстройством, настолько тяжелым, что он потерял всякую связь со своими эмоциями. Неспособный смеяться, плакать или даже любить, Сюй Но не имеет возможности общаться с другими людьми, так как он потерял всякую способность сопереживать другим. Неспособный испытывать чувство вины или раскаяния, он стал жестоким боссом, когда дело доходит до бизнеса. Несмотря на то, что он известен своей хорошей работой, его методы сделали его мишенью нескольких недовольных людей.
Когда необходимость в защите становится очевидной, Сюй Но начинает искать телохранителя. Среди многих претендентов на эту работу есть Кэ Си И (Ци Янь Ди), специалист по экономике, которая втайне мечтает стать профессиональным бойцом. Обладая невероятно отточенными чувствами и молниеносными рефлексами, Си И легко справляется с заданием.
По мере того, как отношения между ними растут, давно потерянные эмоции Сюй Но постепенно начинают возвращаться, и, когда они появляются, появляется целый новый мир возможностей. Но в этом новом мире Сюй Но должен спросить себя, способен ли он принять чувства, которые у него, кажется, появились к Си И?"
Очередной финал,В планах,0,12,https://doramatv.live/ocherednoi_final,,"Чхан Ин Ён бросили после 8 лет отношений, поэтому больше она не ищет серьезных отношений. И уж тем более ей не нужен брак. Но каким-то образом она договорилась вступить в фиктивный брак с До Юн Су, чтобы получить государственную помощь для молодоженов. Чем обернется это решение для них и их окружения?"
Пока светит солнце,В планах,0,19,https://doramatv.live/poka_svetit_solnce,,"Пэн (Ванфамай) переехала в дом семьи Артита после смерти своих родителей и влюбилась в парня. Несмотря на решение их отцов поженить детей, Артит был против брака. Из-за лжи Пэн он сбежал из дома и попал в аварию. Он выжил, но возненавидел девушку.
Они встретились спустя несколько лет, но их отношения никак не улучшились. Артит переполнен ненавистью и желанием отомстить, а Пэн хочет любой ценой получить его прощение."
Профессиональная жена,В планах,0,19,https://doramatv.live/professionalnaia_jena,,"""План"" - агентство по воспитанию идеальных жён под руководством мистера Роберта. Чоллада - девушка из семьи среднего достатка, не по своей воле работающая в ""Плане"". Мистер Роберт считает, что Чоллада станет идеальной женой для Касидита, и пытается их свести. Думая, что все встречи с героиней были чистой случайностью, Касидит сам того не понимая попадает в ловушку и по-настоящему влюбляется. Он не уверен в чувствах, которые к нему испытывает Чоллада. Что это: любовь или продуманная игра ""Плана""?"
Путь любви городской пары: Мой милый похититель фотоаппаратов,В планах,0,17,https://doramatv.live/put_liubvi_gorodskoi_pary__moi_milyi_pohititel_fotoapparatov_2020,,"Дорама об отношениях между молодыми людьми, которые борются за выживание в беспокойном городе.
Пак Чэ Вон (Чжи Чан Ук) – честный и чрезмерно увлеченный архитектор, любящий городские улицы. Женщина, которую он называет «воришка камеры», однажды летней ночью крадет его сердце, а затем исчезает, с чем он не может справиться.
Ли Ы Но (Ким Чжи Вон) – внештатный маркетолог, которая, находясь в незнакомом месте, спонтанно решает выдать себя за вымышленную личность. Она случайно влюбляется в Пак Чэ Вона, изображая свободолюбивую Юн Со Ну.
Чхве Кён Джун (Ким Мин Сок) – архитектор и циничный реалист. Несмотря на то, что он считает себя пассивным наблюдателем и редко сердится, Чхве Кён Джун отказывается стоять в стороне и наблюдать, когда другие люди плохо обращаются с его девушкой, с которой он давно встречается."
Ресторан суши Га Ду Ри,В планах,0,12,https://doramatv.live/restoran_sushi_ga_du_ri,,"Дорама рассказывает о романе между экспертом по свиданиям Га Ду Ри, которая раздает уникальные советы об отношениях, и её таинственном соседе Чха У Бине (Хёк из VIXX).
Чха У Бину нравится делать всё по-своему. Несмотря на потрясающую внешность, он не замечает, как другие люди видят его, и живет так, как хочет. Он крутой персонаж, но слишком безразличен к вопросам, которые его не касаются."
С нами явно что-то не так,В планах,0,8,https://doramatv.live/s_nami_iavno_chto_to_ne_tak,,"Нао (Хамабэ Минами) встретила Цубаки (Ёкохама Рюсэй) еще в детстве, в кондитерском магазине в японском стиле, где работала ее мать. Однако после одного инцидента мать Нао была обвинена в убийстве и арестована.
Пятнадцать лет спустя Цубаки вновь встречает Нао. Ненавистный Цубаки, который когда-то отравлял жизнь Нао, предлагает ей выйти за него замуж, поскольку он еще не знает, что девушка - его давно потерянный друг детства. Как Нао отреагирует на это неожиданное предложение?"
Скованные судьбой,В планах,0,15,https://doramatv.live/skovannye_sudboi,,"Парамита - единственная наследница главы огромного отеля ""Император"". После выпуска она вместе с подругой отправляется праздновать в отель заклятого врага семьи. Парни сразу окружили обаятельную и симпатичную девушку, что разбудило в её подруге ревность. Она подмешивает Парамите наркотик, после чего девушка просыпается в недвусмысленной обстановке и в спешке покидает отель. Героиня решает продолжить обучение в Нью-Йорке и останавливается в доме своей тёти, где вскоре узнаёт о том, что беременна близнецами. После родов Парамита разрешает тёте усыновить её детей.
Парин - незаконорожденный сын Чатчая, владельца отеля ""Сиримонтра"" , и его любовницы. У его отца есть также наследник от законной жены, который хоть и владеет контрольным пакетом акций, но совершенно бесполезен в бизнесе. Узнав, что Парин является менеджером успешной американской компании, Чатчай решает связаться с брошенным сыном и просит его вернуться в Таиланд. Чатчай предлагает Парину должность помощника главного менеджера в отеле его жены, но с условием - он никому не должен раскрывать свою настоящую личность. Герой соглашается и вылетает в Таиланд. Чтобы разведать обстановку, он отправляется на ту же вечеринку, где оказывается Парамита, и они проводят вместе ночь. После этого Парин всячески пытался найти девушку, но поскольку он даже не знал её имени, ему это так и не удалось.
4 года спустя Парамита возвращается в Таиланд, чтобы помочь в управлении семейным бизнесом в столкновении с главным конкурентом - отелем ""Сиримонтра"". С собой она забирает и своих близнецов, однако выдаёт их за кузенов, а не детей. Парамита становится главным менеджером семейного отеля и начинает открытую конфронтацию с заклятым врагом не только своей семьи, но и себя самой - Парином. Герой же, с другой стороны, рад увидеть девушку, которую он так отчаянно искал все эти годы. Парамита решает отомстить и использует Парина, притворяясь, будто влюблена в него..."
Скрытые чувства,В планах,0,15,https://doramatv.live/skrytye_chuvstva,,"В результате несчастного случая отец Лады умирает. В его смерти она винит Тана. Тан - богатый вдовец, у которого есть дочь. После смерти отца Лады он чувствует себя виноватым и считает своим долгом позаботиться о ней. Узнав, что мачеха хочет отдать её в качестве выплаты долга какому-то бандиту, он решает жениться на ней, чтобы защитить от посягательств мачехи и того самого мужчины. Лада делает всё, чтобы разрушить его жизнь... Смогут ли они ужиться под одной крышей?"
Сцена с поцелуем в Ённам-доне,В планах,0,12,https://doramatv.live/scena_s_poceluem_v_ennam_done,,"Юн Соль с самого детства училась хорошо целоваться, но, вот несчастье, ей уже 18, а свой отработанный навык применить в жизни так и не удалось.
Но все меняется, когда после одной вечеринки она просыпается с четким ощущением, что с кем-то поцеловалась. Вот только она не помнит, с кем.
Тут и начинается настоящее расследование в поиске того самого человека."
"У неба есть солнце, а у меня есть ты",В планах,0,18,https://doramatv.live/u_neba_est_solnce__a_u_menia_est_ty,,"Ремейк лакорна ""У неба есть солнце, а у меня есть ты"". Он вернулся чтобы отомстить...отомстить женщине, разрушившей его семью. Она была в их доме нерадивой служанкой, но с огромными амбициями. Отец По был богатым человеком и владельцем ювелирного бизнеса. Но, к сожалению, поддался соблазну и был полностью очарован ею, забросил семью. По вместе с матерью покидает дом. Сначала им было очень трудно, но потом они встретили знакомого, который женился на матери По, а его вырастил как собственного сына.
После смерти матери По решил наказать мерзавку. Всё бы шло по его плану, но По встретил племянницу отца, Нэн. После того, как она осталась сиротой, отец По взял её к себе и Нэн полюбила его. Поэтому она тяжело перенесла его гибель, а ещё тяжелее ей нести тайну его гибели, ведь виновники - близкие ей люди. С появлением По в жизни Нэн появляются новые тайны и эти тайны не так безобидны, как кажутся на первый взгляд."
Цветовая лихорадка,В планах,0,8,https://doramatv.live/cvetovaia_lihoradka,,"Из-за необычного заболевания, которое называется монохромазией, для Ён У весь мир существует в сером цвете. Бывает, что в школе не особо смышленые ребята дразнят его из-за цветовой слепоты, но ему плевать на это. Он уже привык к чёрно-белому миру. Всё меняется, когда он встречает Ю Хана. Этот парень неожиданно врывается в его жизнь вместе с ""красочным взрывом"". Теперь во время сильных эмоциональных потрясений Ён У испытывает ""цветовую лихорадку"" – необычное явление, во время которого все цвета радуги становятся для него видимыми."
Цветы укажут верный путь,В планах,0,30,https://doramatv.live/memories_of_love,,"История о том, как после 10 лет разлуки вновь расцветают чувства влюбленной пары, подобно цветам.
Казалось бы, такой совершенно очаровательный принц, как Лу Фэй (Уоллес Чун), не сможет поладить с упрямой и строптивой девушкой Синь Чэн (Цзян Шуин). Однако всё изменилось после их встречи. Не смотря на совершенно противоположные характеры они как магнитом притягиваются друг к другу и в конечном итоге влюбляются. Тем не менее сказке приходит конец, и они расходятся.
Прошло 10 лет. Лу Фэй открыл свою компанию за границей, но, из-за чувства незавершенности он решает вернуться и разыскать Синь Чэн, чтобы цветы расцвели вновь. Сможет ли Синь Чэн вновь впустить ту юную любовь? И сможет ли любовь указать верный путь их сердцам?"
Человеческие уроки,В планах,0,10,https://doramatv.live/chelovecheskie_uroki,,"Скромный отличник-старшеклассник Чжи Су живёт без родителей. Чтобы сводить концы с концами и накопить на обучение в хорошем университете, парень ведёт двойную жизнь. Цель Чжи Су - 90 миллионов вон, и он собрал уже больше 60, умудрившись организовать с помощью мобильного приложения службу охраны проституток. Ему удаётся скрывать вторую сторону своей личности, пока однажды одноклассница из богатой семьи не узнаёт его секрет."
Я нашла звезду на улице,В планах,0,10,https://doramatv.live/ia_nashla_zvezdu_na_ulice,,"Комедийная романтическая драма о неловкой девушке Со Ён, которая однажды встречает мировую звезду Кан Джун Хёка."
New Person,,,,,,